"","Date","Minimum temperature (°C)","Maximum temperature (°C)","Rainfall (mm)","Evaporation (mm)","Sunshine (hours)","Direction of maximum wind gust ","Speed of maximum wind gust (km/h)","Time of maximum wind gust","9am Temperature (°C)","9am relative humidity (%)","9am cloud amount (oktas)","9am wind direction","9am wind speed (km/h)","9am MSL pressure (hPa)","3pm Temperature (°C)","3pm relative humidity (%)","3pm cloud amount (oktas)","3pm wind direction","3pm wind speed (km/h)","3pm MSL pressure (hPa)"
"JAN","2022-01-1",10.6,30.5,0,NA,NA,"NNW",31,"10:35",19.1,68,NA,"N","4",1013.8,29.8,35,NA,"NW","13",1008.2
"JAN","2022-01-2",13.3,32.6,0,NA,NA,"SE",59,"17:39",22.8,64,NA,"N","9",1009.9,31.4,25,6,"W","11",1006.3
"JAN","2022-01-3",13.6,28.9,5,NA,NA,"E",46,"15:49",21.9,57,NA,"SE","7",1010.6,27.4,48,2,"ENE","24",1007.8
"JAN","2022-01-4",12.6,27.6,0.2,NA,NA,"ESE",35,"13:19",18.4,88,8,"SE","13",1011.9,26.9,48,NA,"E","17",1009.5
"JAN","2022-01-5",13.6,26.1,0,NA,NA,"ESE",43,"12:53",20.5,66,8,"SE","11",1012.7,25.1,61,8,"ESE","26",1010.5
"JAN","2022-01-6",17.9,27.9,1.6,NA,NA,"NE",50,"13:20",21.4,78,7,"NNE","17",1012.8,24.9,65,5,"ENE","30",1010.6
"JAN","2022-01-7",16.8,23.5,35.4,NA,NA,"NNW",35,"11:34",19.7,95,4,"SSE","9",1011.9,21.4,76,8,"N","11",1010.9
"JAN","2022-01-8",14.2,28.1,13.2,NA,NA,"NW",43,"13:30",17.7,99,8,"W","9",1009.8,27.6,45,1,"NW","22",1009
"JAN","2022-01-9",17.2,27,0,NA,NA,"NE",37,"15:08",19.8,74,8,"E","13",1015.8,25.5,60,2,"N","9",1014.2
"JAN","2022-01-10",16.6,31.8,0,NA,NA,"ENE",28,"18:00",22.8,76,7,"E","11",1018.8,30.4,33,7,"W","9",1016.1
"JAN","2022-01-11",17.4,25.5,0,NA,NA,"E",33,"17:13",23.6,68,8,"ENE","13",1019.7,21.7,86,8,"SW","11",1018.5
"JAN","2022-01-12",17.2,26.8,0.8,NA,NA,"ESE",43,"17:09",19.4,71,8,"S","20",1020.7,25,46,8,"ESE","24",1018.2
"JAN","2022-01-13",15.8,26,0,NA,NA,"E",41,"18:38",19.8,70,8,"SSE","15",1019.3,24.3,54,2,"ENE","20",1015.2
"JAN","2022-01-14",16.4,28.4,0,NA,NA,"N",31,"16:39",19.3,80,8,"SSE","9",1010.3,26.9,54,8,"W","9",1006.8
"JAN","2022-01-15",16.5,28.4,11.2,NA,NA,"NNW",44,"00:01",19.2,86,8,"S","7",1005.6,25.2,65,8,"SSW","6",1003.4
"JAN","2022-01-16",13.4,30,1.6,NA,NA,"NW",31,"13:58",20.5,75,6,"ENE","9",1008.8,28.7,49,NA,"NW","13",1007
"JAN","2022-01-17",15.4,28.1,0,NA,NA,"NNW",30,"11:20",21.1,75,8,"SE","7",1010.5,24.8,56,8,"NW","13",1010.1
"JAN","2022-01-18",18.4,22,0,NA,NA,"ENE",30,"17:44",21.7,75,7,"NNE","9",1012.1,18.5,88,8,"NE","11",1012.4
"JAN","2022-01-19",14.2,21.4,12.6,NA,NA,"SE",54,"18:31",17.1,71,7,"SSE","15",1020,19.3,60,7,"ESE","31",1021.4
"JAN","2022-01-20",14,18.7,0.2,NA,NA,"SE",46,"08:38",15.9,69,8,"SE","20",1027.4,17.8,66,8,"ESE","22",1027.7
"JAN","2022-01-21",11.1,24.5,0,NA,NA,"E",39,"16:08",17.7,63,5,"SE","11",1028.4,22.6,48,4,"ESE","13",1026.1
"JAN","2022-01-22",7.8,24.7,0,NA,NA,"NE",37,"11:35",16.6,71,NA,"NW","7",1024.7,23.1,43,1,"E","15",1020.8
"JAN","2022-01-23",10.9,25.9,0,NA,NA,"E",35,"13:53",17.9,73,8,"SSE","11",1018.7,24.3,50,4,"E","24",1014.5
"JAN","2022-01-24",10.8,25.7,0,NA,NA,"ESE",28,"19:41",17.6,66,NA,"ESE","11",1014.2,24.4,48,NA,"E","13",1010.3
"JAN","2022-01-25",15.7,28.5,0,NA,NA,"ENE",33,"19:52",19,70,8,"E","6",1010.9,26.5,37,5,"N","7",1007.9
"JAN","2022-01-26",15.5,27.6,0,NA,NA,"ENE",35,"16:51",19.7,74,8,"ESE","2",1012.8,26.4,51,3,"NE","11",1011.1
"JAN","2022-01-27",11.4,28.5,0,NA,NA,"N",35,"14:36",18.1,67,5,"ENE","13",1015.2,25.7,47,6,"ENE","15",1011.7
"JAN","2022-01-28",15.4,28.8,0,NA,NA,"NNW",35,"11:58",20.8,79,7,"NNE","2",1015.3,25.7,70,8,"N","19",1012.9
"JAN","2022-01-29",19.8,25.3,1,NA,NA,"SW",30,"11:24",22.1,96,8,NA,"Calm",1014.6,21.6,97,8,"S","6",1014.3
"JAN","2022-01-30",18.2,27.1,10,NA,NA,"E",31,"18:12",20.8,81,8,"ENE","11",1015.3,25.3,58,8,"ENE","15",1012.4
"JAN","2022-01-31",17.4,28.4,5.2,NA,NA,"S",30,"16:17",20.3,87,8,"SE","4",1010.6,26.3,55,8,"W","7",1006.6
"FEB","2022-02-1",14.1,29.4,0.4,NA,NA,"NNW",43,"18:12",17.4,100,8,NA,"Calm",1004.2,28.9,54,8,"WNW","19",1000.3
"FEB","2022-02-2",17.4,23.1,0,NA,NA,"E",33,"13:03",18.2,77,8,"SSE","13",1003.8,19,74,7,"ENE","26",1004.3
"FEB","2022-02-3",9,23.2,0,NA,NA,"S",54,"21:28",15.8,58,4,"S","20",1008.6,22.2,37,1,"SSE","15",1006.8
"FEB","2022-02-4",6.7,20.7,0,NA,NA,"ESE",52,"15:06",14.4,68,8,"SSE","20",1015.8,18.8,51,8,"SE","24",1016.7
"FEB","2022-02-5",11.8,22.4,0,NA,NA,"ESE",44,"08:04",15.8,67,6,"ESE","31",1020.2,21.3,43,5,"ESE","26",1019.1
"FEB","2022-02-6",8.4,22,0,NA,NA,"SE",46,"16:42",15.2,66,7,"SE","20",1023.9,20.8,45,4,"ESE","26",1023.7
"FEB","2022-02-7",7.8,23.6,0,NA,NA,"ESE",46,"15:16",14.5,74,8,"SE","13",1023.8,22.5,42,3,"ESE","24",1019.8
"FEB","2022-02-8",9.2,24.9,0,NA,NA,"S",33,"18:37",16.8,60,NA,"SSE","17",1017,23.9,35,NA,"WSW","13",1012.2
"FEB","2022-02-9",10,27.4,9.2,NA,NA,"WNW",46,"13:32",13,100,8,"NNW","6",1011.9,27.1,32,6,"W","31",1009.6
"FEB","2022-02-10",10.5,30.3,0,NA,NA,"ENE",39,"18:23",18.4,68,NA,"NNW","6",1012.9,28.9,34,1,"WNW","26",1010.8
"FEB","2022-02-11",14,24.7,0,NA,NA,"E",43,"16:32",17.6,78,8,NA,"Calm",1017.4,22.9,54,7,"NE","22",1015.4
"FEB","2022-02-12",10.3,24.4,0,NA,NA,"ESE",41,"17:17",17,62,NA,"SE","13",1018.8,22.3,46,6,"ESE","24",1017.2
"FEB","2022-02-13",9.8,26.8,0,NA,NA,"NNE",31,"17:30",16.2,74,7,"S","9",1021.7,24.5,40,NA,"NW","13",1019.4
"FEB","2022-02-14",10.9,30.6,0,NA,NA,"NNE",31,"16:29",17.6,77,NA,NA,"Calm",1023.9,28.2,31,NA,"WSW","7",1021.3
"FEB","2022-02-15",11.1,32.7,0,NA,NA,"ENE",46,"15:12",18.9,70,NA,"S","6",1023.6,30.8,28,4,"ENE","15",1019.8
"FEB","2022-02-16",11.7,31,0,NA,NA,"ESE",30,"10:10",18.8,76,NA,"E","4",1019.5,29.6,24,NA,"NNW","19",1014
"FEB","2022-02-17",13.1,30.7,0,NA,NA,"WNW",39,"16:07",19.3,67,3,NA,"Calm",1010.3,28.8,38,2,"NW","20",1007.7
"FEB","2022-02-18",10.6,29.2,0,NA,NA,"ESE",46,"17:46",18.4,74,NA,"N","7",1010.1,27.7,21,NA,"NNW","13",1009.4
"FEB","2022-02-19",14.1,24,0,NA,NA,"ENE",33,"12:14",16.1,65,8,"SE","9",1020,22.6,50,5,"NE","17",1017.1
"FEB","2022-02-20",12.2,30.3,0,NA,NA,"WNW",46,"12:31",17.8,71,1,"NE","7",1012.6,27.4,47,8,"NNW","20",1006.1
"FEB","2022-02-21",12.3,29.2,0,NA,NA,"E",50,"18:51",17.6,76,NA,"S","9",1008.4,28.2,25,NA,"W","24",1007.7
"FEB","2022-02-22",16,22.1,0,NA,NA,"E",44,"16:58",17.2,72,8,"S","13",1017.8,21.2,64,4,"E","28",1017.3
"FEB","2022-02-23",14.3,25.5,0,NA,NA,"NE",41,"12:45",18.9,94,8,"SE","11",1019.9,23.4,77,7,"ESE","19",1017.7
"FEB","2022-02-24",16.5,27,3.2,NA,NA,"ESE",41,"15:58",19.9,92,8,"SSE","9",1018.6,26.4,54,8,"SW","9",1015.1
"FEB","2022-02-25",17.8,22.9,0.6,NA,NA,"ENE",33,"15:02",19.1,92,8,"S","13",1016,22.4,69,8,"ESE","15",1013.8
"FEB","2022-02-26",15.9,22.8,9.4,NA,NA,"E",31,"15:38",17.5,99,8,"SE","6",1016.4,21.9,67,8,"ENE","15",1014
"FEB","2022-02-27",14.2,25.8,32.4,NA,NA,"ENE",30,"17:06",17,84,8,"SE","6",1015.1,23.9,54,8,"NNE","9",1012.3
"FEB","2022-02-28",16.5,26.3,0.2,NA,NA,"ENE",43,"17:07",18.9,96,8,"S","11",1014.3,24.6,58,8,"ENE","17",1012.1
"MAR","2022-03-1",17.1,24.9,0,NA,NA,"ESE",48,"14:57",19,77,8,"ESE","13",1013.1,21.8,68,8,"E","24",1012.2
"MAR","2022-03-2",15.8,19.5,3.6,NA,NA,"SE",39,"11:26",16.8,82,8,"SSE","15",1014,18.3,87,8,"SE","11",1012
"MAR","2022-03-3",15.1,25.6,2.2,NA,NA,"SE",48,"12:36",18.6,71,5,"SSE","20",1012.9,25.1,55,3,"SE","28",1011.9
"MAR","2022-03-4",15.2,27.9,0,NA,NA,"SE",33,"23:50",20,74,NA,"SE","11",1013.8,26.9,48,1,"E","15",1010.9
"MAR","2022-03-5",15.9,26.7,0,NA,NA,"SSE",41,"19:28",19,90,8,"ENE","6",1007.6,25.7,60,7,"WNW","11",1003.3
"MAR","2022-03-6",15.4,25.1,8.4,NA,NA,"SSE",48,"13:25",17.9,83,8,"SSE","17",1008.9,24,61,8,"SE","26",1009
"MAR","2022-03-7",16.1,23.6,0,NA,NA,"S",44,"10:47",18.3,74,6,"S","28",1012.9,22.3,66,8,"S","26",1010.4
"MAR","2022-03-8",17.2,20.4,1,NA,NA,"S",56,"22:35",18.4,87,6,"S","19",1009,19.5,75,8,"S","30",1008.8
"MAR","2022-03-9",13.8,20.9,5,NA,NA,"S",76,"07:08",16,68,8,"S","44",1013,19.3,55,8,"S","33",1013.5
"MAR","2022-03-10",11.3,21,0,NA,NA,"SSE",39,"01:21",13,61,8,"SSE","17",1018.4,20,44,NA,"S","20",1015.9
"MAR","2022-03-11",5.7,22.8,0,NA,NA,"E",44,"20:17",10.8,69,NA,"SE","13",1020.2,21.5,36,NA,"WSW","11",1017.4
"MAR","2022-03-12",10.7,24.8,0,NA,NA,"E",37,"18:50",17.1,70,NA,"E","7",1022.7,23.6,36,2,"WSW","9",1020.5
"MAR","2022-03-13",9.2,24.3,0,NA,NA,"E",33,"16:28",14.3,91,8,"SE","6",1025.2,22.3,45,8,"NE","9",1021.7
"MAR","2022-03-14",10.3,25.3,0,NA,NA,"NE",39,"15:35",13.6,96,5,"ESE","9",1022.9,24,41,1,"E","13",1019.7
"MAR","2022-03-15",12.3,23.6,0,NA,NA,"ESE",35,"15:17",16.4,83,8,"SE","9",1023.3,21.4,54,8,"E","22",1020.4
"MAR","2022-03-16",9.3,21.4,0,NA,NA,"NNE",24,"11:07",15.8,79,8,"SSE","4",1021.2,20.6,66,8,"E","9",1018.1
"MAR","2022-03-17",15.4,25.8,3.6,NA,NA,"WNW",31,"14:06",17.9,79,8,"ESE","7",1018.4,25.2,52,4,"NW","17",1015.3
"MAR","2022-03-18",11,27.6,0,NA,NA,"ESE",35,"16:02",17.2,86,NA,"SE","9",1017.9,25.3,46,6,"ENE","15",1016
"MAR","2022-03-19",14.9,25.2,0,NA,NA,"NE",28,"18:03",17,73,8,"SE","17",1020.8,23.5,52,1,"ENE","7",1018.3
"MAR","2022-03-20",14.1,27.5,0,NA,NA,"ENE",30,"18:01",15.5,83,8,"W","9",1018,26.5,47,NA,"WSW","7",1014.5
"MAR","2022-03-21",11.1,25.6,0,NA,NA,"NNW",22,"15:09",15.9,77,5,"ESE","11",1017.8,23.2,53,NA,"N","11",1014.2
"MAR","2022-03-22",9.1,28.6,0,NA,NA,"NNW",33,"12:54",14.7,86,NA,"SE","7",1014,28.1,39,NA,"W","15",1008.6
"MAR","2022-03-23",13.8,26.9,0,NA,NA,"ENE",48,"16:55",18.3,74,NA,"SE","6",1009,26.4,36,6,"W","11",1008.8
"MAR","2022-03-24",13.7,19.6,0,NA,NA,"E",26,"16:07",15.5,76,7,"E","2",1016.2,18.1,72,8,"E","13",1015
"MAR","2022-03-25",10.6,22.2,0,NA,NA,"ENE",41,"14:48",16.9,72,2,"SSE","11",1019.5,20.9,56,NA,"E","28",1018.9
"MAR","2022-03-26",8.9,21.4,0,NA,NA,"ESE",35,"17:01",15.8,76,2,"SE","9",1022.9,21.2,53,4,"E","19",1020.5
"MAR","2022-03-27",7.7,23.1,0,NA,NA,"E",37,"15:25",12.9,99,8,NA,"Calm",1021,21.2,52,7,"E","9",1016.9
"MAR","2022-03-28",11.7,24.1,0.2,NA,NA,"ESE",37,"14:54",15.7,90,7,"SE","6",1015.2,21.1,64,8,"E","22",1012.2
"MAR","2022-03-29",13.9,24.3,0.2,NA,NA,"ESE",33,"16:55",16.7,72,8,"S","13",1014.1,23.2,49,8,"SE","11",1011.2
"MAR","2022-03-30",13.7,23.4,0,NA,NA,"ENE",28,"14:17",18.2,76,8,"S","11",1012.3,23.1,53,8,"NNE","7",1010.1
"MAR","2022-03-31",9.2,21,1.2,NA,NA,"S",63,"15:21",14.9,67,6,"S","17",1015.9,19,53,6,"SE","26",1016.1
"APR","2022-04-1",8.5,17.7,0,NA,NA,"S",63,"12:20",11.1,66,8,"S","35",1019.9,15.1,50,7,"S","41",1019.1
"APR","2022-04-2",10.7,13.6,0,NA,NA,"S",59,"05:19",11.9,64,8,"S","22",1016.8,13,86,8,"W","9",1014.9
"APR","2022-04-3",10.2,19.6,9,NA,NA,"NW",46,"14:00",13,88,8,"N","22",1013.6,16.9,65,8,"WNW","31",1011.2
"APR","2022-04-4",8.7,20.8,0,NA,NA,"WNW",41,"13:21",14.6,79,8,"NNW","24",1014.6,19.9,51,1,"W","24",1013.2
"APR","2022-04-5",3.3,23.6,0,NA,NA,"E",37,"19:22",12.2,83,NA,"SSW","2",1017.4,23.1,39,NA,"NW","11",1014.6
"APR","2022-04-6",11.9,20.1,0,NA,NA,"ESE",33,"20:12",16.4,75,8,"SE","9",1019.9,19.3,59,6,"SE","19",1018.5
"APR","2022-04-7",11.8,15.1,10.6,NA,NA,"SE",30,"16:45",13.4,97,7,"SSE","9",1023.7,14.9,85,8,"SE","11",1022.3
"APR","2022-04-8",11.8,17.7,10.4,NA,NA,"E",33,"22:32",14.4,93,8,"SE","9",1025.2,16.9,81,8,"ESE","19",1022.7
"APR","2022-04-9",13.5,21.6,0.2,NA,NA,"E",31,"17:31",17,74,8,"E","15",1025.6,20.8,63,3,"ENE","17",1021.8
"APR","2022-04-10",14.3,23.8,0.2,NA,NA,"NW",24,"15:23",17,76,8,"ENE","2",1022.7,23.2,52,1,"W","9",1018.5
"APR","2022-04-11",7.6,24,0,NA,NA,"SE",26,"22:44",13.3,99,7,"ENE","7",1020,21.8,60,8,"W","9",1017.7
"APR","2022-04-12",10.4,19.7,0,NA,NA,"E",33,"19:14",13.8,72,8,"SE","4",1022.5,18.8,52,5,"E","13",1019.6
"APR","2022-04-13",9.5,20.3,0,NA,NA,"S",41,"14:49",12.6,72,7,"SE","6",1024.8,19.3,41,2,"ESE","15",1022.6
"APR","2022-04-14",3.5,21.7,0,NA,NA,"N",19,"12:21",11.6,80,NA,"SW","7",1028,21.3,47,NA,"NNW","6",1023.9
"APR","2022-04-15",4.6,22.2,0,NA,NA,"NW",28,"12:42",9.8,100,8,"SW","6",1025.4,20.6,53,8,"NW","15",1020.9
"APR","2022-04-16",5.8,23,0,NA,NA,"E",28,"15:52",14.4,71,6,"SSE","9",1023.6,21.9,37,2,"ESE","13",1020
"APR","2022-04-17",3.6,22.7,0,NA,NA,"NNW",33,"14:56",12.5,85,NA,"WNW","2",1021.3,21.4,46,1,"NNW","24",1016.9
"APR","2022-04-18",4.2,23,0,NA,NA,"NNW",20,"13:37",13.6,79,7,NA,"Calm",1019.8,22.6,50,NA,"NW","9",1016.8
"APR","2022-04-19",10.2,19.5,0,NA,NA,"NNW",48,"11:08",15,88,8,NA,"Calm",1016.7,16.1,69,8,"WNW","13",1013
"APR","2022-04-20",9.5,19.9,33.4,NA,NA,"NNW",37,"13:57",13.6,84,NA,"NNW","17",1015.4,19.1,45,NA,"NW","26",1015.3
"APR","2022-04-21",4.8,20.2,0.2,NA,NA,"E",33,"17:26",10.4,92,NA,"SE","7",1024.5,20.2,43,4,"WSW","7",1023
"APR","2022-04-22",3.1,16.6,0,NA,NA,"ENE",30,"16:16",11.2,71,3,"SSE","11",1031.7,15.8,61,8,"E","17",1029.5
"APR","2022-04-23",3.7,19.6,0,NA,NA,"E",26,"18:07",11.1,83,8,"SSW","9",1032.7,18.4,56,NA,"NNE","13",1029.6
"APR","2022-04-24",7.3,20,0,NA,NA,"E",30,"19:17",11.4,80,NA,"SE","7",1033.9,17.2,56,1,"ENE","19",1029.7
"APR","2022-04-25",4.4,19.8,0,NA,NA,"NE",26,"14:08",10.1,84,8,"SE","7",1030.4,17.6,62,8,"NNE","13",1026
"APR","2022-04-26",8.1,18.8,0,NA,NA,"NE",28,"12:30",13,87,8,"ESE","9",1025.4,17.8,65,8,"E","15",1020.5
"APR","2022-04-27",10.6,16.6,0,NA,NA,"NNE",26,"13:23",15.2,84,8,"SE","9",1020.7,14.8,92,8,"NNE","7",1018.2
"APR","2022-04-28",13.5,19,6.2,NA,NA,"NW",26,"15:16",14.9,100,8,"S","2",1019.4,18.2,81,8,"NNW","11",1017.5
"APR","2022-04-29",12.4,22.4,0.6,NA,NA,"NW",39,"14:11",17.9,82,NA,"NW","20",1022.1,22,51,NA,"NW","24",1019
"APR","2022-04-30",12.9,17.8,10.6,NA,NA,"NW",46,"11:02",13.7,85,8,"NNW","26",1016.5,17,42,NA,"WNW","26",1016.7
"MAY","2022-05-1",0.4,18.1,0,NA,NA,"NNW",20,"15:24",7.8,80,NA,"ESE","4",1024.2,17.8,42,NA,"N","13",1021.8
"MAY","2022-05-2",0.4,19.9,0,NA,NA,"WNW",19,"13:34",8.8,89,NA,"NNW","6",1025.9,19.3,49,NA,"W","11",1022.4
"MAY","2022-05-3",1.9,20.1,0,NA,NA,"NNW",28,"13:43",10.3,91,NA,"NW","2",1023.3,19.5,49,NA,"NNW","19",1019
"MAY","2022-05-4",2.5,16.4,0,NA,NA,"NNW",37,"12:04",9,97,7,"N","2",1018.3,16.2,79,8,"NW","15",1014.7
"MAY","2022-05-5",8.9,17.2,4.8,NA,NA,"NNW",37,"12:16",14,83,3,"NW","13",1015,15.4,32,8,"WNW","20",1013.6
"MAY","2022-05-6",-1.7,13.9,0,NA,NA,"WNW",48,"13:19",6.6,75,NA,NA,"Calm",1020,11.4,47,NA,"NW","28",1018.5
"MAY","2022-05-7",2.9,12.7,0,NA,NA,"WNW",48,"11:31",7.8,70,5,"NW","26",1021.5,11.7,55,8,"WNW","24",1020.7
"MAY","2022-05-8",0.7,16.7,0,NA,NA,"NNW",30,"02:47",8.5,75,NA,"W","4",1025.4,15.9,45,NA,"N","9",1023.6
"MAY","2022-05-9",2.2,17.1,0,NA,NA,"E",28,"18:54",11.2,72,1,"SSW","7",1029.9,15.8,55,8,"NE","17",1028.4
"MAY","2022-05-10",7,16.3,0,NA,NA,"SE",30,"12:18",12.4,84,8,"SE","7",1032.7,16,72,5,"E","15",1030
"MAY","2022-05-11",10.1,15,0.8,NA,NA,"ESE",28,"10:56",13.3,88,8,"SSE","9",1031.2,14,87,8,"E","9",1027.8
"MAY","2022-05-12",11.8,15.6,18.2,NA,NA,"SSE",15,"00:32",13.3,99,8,"SSE","9",1022.4,14.9,99,8,NA,"Calm",1018.4
"MAY","2022-05-13",13.3,20.9,27,NA,NA,"N",19,"10:58",15.4,100,8,NA,"Calm",1019.4,20.1,71,8,"NNW","9",1015.7
"MAY","2022-05-14",9.8,21.5,0.2,NA,NA,"NNW",35,"13:01",14.1,100,8,NA,"Calm",1017.4,20,71,8,"NW","20",1014.5
"MAY","2022-05-15",14.1,16.7,1.6,NA,NA,"NW",41,"13:46",16.1,100,8,"N","13",1015,14.5,79,6,"NW","31",1013.3
"MAY","2022-05-16",10.7,18,1.4,NA,NA,"WNW",48,"12:54",14.6,65,NA,"NW","19",1015.7,16.4,51,2,"WNW","24",1014
"MAY","2022-05-17",5.2,14.8,0,NA,NA,"WNW",44,"13:14",11.1,57,NA,"NW","19",1020.3,13.3,52,NA,"WNW","26",1018.6
"MAY","2022-05-18",5.8,13.9,0,NA,NA,"WNW",59,"08:43",11.5,53,NA,"WNW","39",1019.5,12.5,52,1,"WNW","30",1019.1
"MAY","2022-05-19",-2.9,14.3,0,NA,NA,"SW",26,"12:52",3.2,95,NA,"N","7",1027.3,13.7,43,NA,"SE","13",1025.5
"MAY","2022-05-20",0.2,15.1,0,NA,NA,"E",24,"14:48",8.4,72,2,"SE","11",1034.1,13.3,61,5,"E","15",1032.2
"MAY","2022-05-21",0.7,16.7,0,NA,NA,"ESE",26,"13:11",8.9,85,NA,"SE","7",1034.8,14.3,52,1,"E","15",1031.2
"MAY","2022-05-22",4.2,16.8,0,NA,NA,"ENE",30,"17:27",9.3,73,5,"SE","11",1031.5,16,52,NA,"ENE","17",1028.1
"MAY","2022-05-23",1.2,15.3,0,NA,NA,"E",26,"11:47",8.6,90,NA,"ESE","9",1031.2,14.4,64,8,"E","13",1028.8
"MAY","2022-05-24",1.5,17.3,0,NA,NA,"E",30,"14:38",9.1,100,NA,NA,"Calm",1030.5,16,44,2,"ENE","19",1026.7
"MAY","2022-05-25",1.2,16.4,0,NA,NA,"NE",22,"12:43",8.3,96,8,"SSE","9",1027,14.9,59,2,"ENE","15",1022.5
"MAY","2022-05-26",4.2,17.9,0,NA,NA,"NNW",28,"13:17",8.1,91,8,"SE","7",1022,16.1,62,8,"NW","19",1018.9
"MAY","2022-05-27",6.4,18,0,NA,NA,"NE",28,"20:46",9.4,99,8,"NNW","2",1020.9,16.5,63,5,"N","15",1016.9
"MAY","2022-05-28",9.2,15.8,19.8,NA,NA,"NNW",31,"14:52",10.7,100,8,NA,"Calm",1014.3,13.5,68,NA,"NW","22",1010.3
"MAY","2022-05-29",0.7,12.7,0.2,NA,NA,"NNW",33,"14:53",4.3,100,8,NA,"Calm",1010.6,11.4,56,1,"NNW","28",1006.3
"MAY","2022-05-30",-2,8,0,NA,NA,"NNW",43,"16:40",4.6,99,8,"SW","9",1000,7.4,99,8,"ESE","9",988.7
"MAY","2022-05-31",4.6,9.6,17,NA,NA,"WSW",65,"12:28",5.5,89,8,"NW","35",995.9,5.7,90,8,"W","17",996.4
"JUN","2022-06-1",1.4,8.3,8.6,NA,NA,"WNW",57,"11:01",4.2,76,8,"N","24",1007.3,7.7,61,4,"WNW","30",1010.1
"JUN","2022-06-2",-4,11,0,NA,NA,"NW",24,"16:12",0.7,99,NA,"WNW","7",1023,10.1,52,NA,"NW","9",1020.1
"JUN","2022-06-3",-2.8,10.4,0,NA,NA,"NNW",31,"16:45",2.5,99,8,NA,"Calm",1018.1,9.5,66,8,"NNW","17",1012.2
"JUN","2022-06-4",2.5,10.3,0,NA,NA,"NW",46,"09:48",7.8,74,NA,"NW","26",1013.4,8.9,83,8,"N","26",1012.2
"JUN","2022-06-5",7,12,0.6,NA,NA,"NW",70,"13:40",9,92,8,"NNW","39",1010.3,9.6,87,8,"NW","43",1006.9
"JUN","2022-06-6",2.8,9.6,7.2,NA,NA,"NNW",65,"01:54",5.5,85,8,"NW","35",1004.9,7.8,68,8,"NW","33",1007.2
"JUN","2022-06-7",4.1,9.8,1,NA,NA,"NNW",44,"06:51",6.3,86,6,"NW","24",1011,4.7,91,7,"WNW","24",1010.3
"JUN","2022-06-8",1.5,10.2,2.8,NA,NA,"WNW",44,"14:41",6,70,NA,"NW","20",1015.4,9,54,NA,"WNW","31",1015.2
"JUN","2022-06-9",2.9,11.4,0,NA,NA,"W",52,"10:35",7.7,61,NA,"WNW","28",1014.7,9.1,63,8,"WNW","28",1014.1
"JUN","2022-06-10",4.8,12.6,0,NA,NA,"W",54,"13:54",8.7,60,NA,"WNW","24",1016,11.1,54,NA,"WNW","33",1014.7
"JUN","2022-06-11",1.8,10.1,0,NA,NA,"WNW",65,"13:41",7.1,73,NA,"NNW","17",1017.5,8.8,56,NA,"WNW","33",1014.4
"JUN","2022-06-12",5.2,11.8,0,NA,NA,"WNW",57,"00:19",8.9,65,3,"NW","19",1014.6,10.9,58,NA,"WNW","31",1013.6
"JUN","2022-06-13",-2.4,10,0,NA,NA,"NW",24,"15:37",2.9,99,8,NA,"Calm",1023.3,9.6,61,NA,"NNW","13",1021.8
"JUN","2022-06-14",-3.1,6.8,0,NA,NA,"NW",28,"14:19",3.7,87,8,"N","2",1025.4,6,74,7,"NNW","11",1022.5
"JUN","2022-06-15",-4.5,12.6,0,NA,NA,"NW",39,"13:49",5.6,81,NA,"N","20",1021.8,11.5,59,1,"NW","28",1018.9
"JUN","2022-06-16",4.3,13.5,0.2,NA,NA,"NW",41,"12:36",8.5,89,8,"N","17",1018.8,11.1,79,7,"NNW","24",1016.7
"JUN","2022-06-17",1.8,13.9,0,NA,NA,"SSW",30,"12:48",5.2,100,8,"S","7",1022.4,12.7,56,8,"SE","11",1021.4
"JUN","2022-06-18",-2.4,14.4,0,NA,NA,"S",22,"11:46",5.4,99,NA,"S","6",1028.8,14,52,1,"ENE","4",1026.7
"JUN","2022-06-19",-4,14.8,0.2,NA,NA,"ESE",19,"12:47",2.7,99,NA,"N","6",1030.5,14.8,51,4,"NNE","9",1027.2
"JUN","2022-06-20",1.8,13.7,0,NA,NA,"SE",17,"02:03",6.9,99,8,NA,"Calm",1026.8,13.5,61,7,"N","9",1023.2
"JUN","2022-06-21",0.5,11.4,0,NA,NA,"NW",37,"11:26",4.6,100,8,NA,"Calm",1021.3,11.2,85,8,"NW","24",1019.2
"JUN","2022-06-22",-2.7,13.8,2.4,NA,NA,"NW",26,"15:49",2.2,99,8,NA,"Calm",1026.3,13.6,56,2,"NW","17",1024.5
"JUN","2022-06-23",-0.9,13.1,0,NA,NA,"NNW",35,"14:07",6.8,100,8,"SW","7",1026.3,12.7,69,4,"NNW","22",1022
"JUN","2022-06-24",6.7,14.8,0,NA,NA,"NNW",48,"11:55",10.5,79,8,"N","30",1019.5,13.6,63,4,"WNW","28",1016.9
"JUN","2022-06-25",4.2,14.4,0,NA,NA,"WNW",46,"12:31",9.8,73,NA,"NW","17",1021.9,13.5,47,NA,"WNW","22",1021.8
"JUN","2022-06-26",-1.8,14.7,0,NA,NA,"NW",35,"13:37",5,99,NA,"SE","11",1025.6,13.2,51,NA,"NW","20",1023.6
"JUN","2022-06-27",-0.6,11.2,0,NA,NA,"S",43,"10:24",6.6,71,NA,"S","15",1029.2,10.8,36,NA,"S","24",1028.8
"JUN","2022-06-28",-6,12.5,0,NA,NA,"SSE",20,"00:48",2.2,86,NA,"E","9",1033.8,11.7,37,NA,"W","11",1030.3
"JUN","2022-06-29",-5,12.2,0,NA,NA,"NNW",39,"15:44",0.3,97,8,"S","7",1028.4,10,69,6,"NNW","26",1023.5
"JUN","2022-06-30",0.1,13.5,0,NA,NA,"E",20,"18:16",4.9,99,8,"NNW","2",1026.1,12.2,54,8,"N","2",1023.8
"JUL","2022-07-1",0.8,7.6,1.8,NA,NA,"S",20,"22:19",5.4,99,8,"SE","6",1028.6,7,99,8,"SSE","6",1026.9
"JUL","2022-07-2",5.3,10.5,9,NA,NA,"SSE",43,"20:32",7.6,82,7,"S","20",1027.6,9.8,72,8,"SSE","20",1025
"JUL","2022-07-3",7.6,12.7,0,NA,NA,"SSE",56,"12:53",8.6,81,7,"S","24",1025.6,11.4,66,8,"SE","30",1022.9
"JUL","2022-07-4",6.6,14.2,0,NA,NA,"SSE",56,"12:44",9.2,67,NA,"S","33",1022.5,11.4,58,8,"SSE","22",1021.3
"JUL","2022-07-5",6.3,13.3,0,NA,NA,"SE",46,"12:27",8.2,64,6,"S","26",1025.9,11.1,59,8,"SSE","26",1024.2
"JUL","2022-07-6",4.5,13.8,0,NA,NA,"SE",30,"11:38",9.9,76,8,"S","13",1024.2,13.7,62,8,"ESE","15",1020.6
"JUL","2022-07-7",3.8,14.4,0,NA,NA,"S",22,"11:20",7.7,91,NA,"ESE","2",1015.3,14.1,54,NA,"NW","9",1011.5
"JUL","2022-07-8",-3.8,11.2,0,NA,NA,"NW",50,"12:29",5.8,83,NA,"NW","20",1013.1,8.5,62,4,"WNW","28",1011.6
"JUL","2022-07-9",-3.5,12.5,0,NA,NA,"SSW",31,"13:26",1.4,99,NA,NA,"Calm",1020,11.1,50,8,"S","17",1019.3
"JUL","2022-07-10",0.7,13.2,0,NA,NA,"SSE",43,"10:19",7.1,74,NA,"SE","9",1027.6,11.9,52,2,"ESE","22",1026.7
"JUL","2022-07-11",-2.6,12.8,0,NA,NA,"WSW",17,"13:19",2.9,95,7,"N","4",1028.2,11.6,45,7,"N","11",1022.7
"JUL","2022-07-12",-4.5,12,0,NA,NA,"NW",22,"15:35",-0.4,99,NA,"NNW","4",1019.4,11,54,8,"NW","13",1015.2
"JUL","2022-07-13",-0.4,11.4,0.6,NA,NA,"SSE",35,"16:39",3.7,99,8,"S","7",1016.5,10.2,53,6,"S","13",1015.3
"JUL","2022-07-14",-0.5,13,0,NA,NA,"S",43,"05:28",6.8,63,NA,"S","24",1024.8,12.6,34,NA,"SW","4",1024.5
"JUL","2022-07-15",-5.9,11.5,0,NA,NA,"N",30,"14:18",0.1,88,NA,"E","6",1029.5,10.6,52,NA,"NNW","17",1026.2
"JUL","2022-07-16",-3.2,10.6,0,NA,NA,"NW",41,"15:29",1.6,97,8,"NE","2",1026.1,10.1,60,3,"NW","26",1021.5
"JUL","2022-07-17",1.5,13.8,0,NA,NA,"NNW",63,"02:35",8.7,61,NA,"NNW","31",1016,10.7,63,7,"NNW","43",1011.9
"JUL","2022-07-18",2.9,11.2,1.8,NA,NA,"NW",41,"00:30",6.1,61,NA,"WNW","24",1017,10.4,38,NA,"WNW","13",1018.5
"JUL","2022-07-19",-3.4,11.9,0,NA,NA,"SE",35,"13:54",4,72,NA,"SSE","19",1030.1,9.3,52,2,"ESE","17",1029
"JUL","2022-07-20",-1.9,12.9,0,NA,NA,"SE",31,"15:47",3.2,81,NA,"SE","7",1034.1,11.7,58,8,"E","17",1032
"JUL","2022-07-21",3.2,11.2,0.2,NA,NA,"ENE",31,"14:35",6.9,99,8,NA,"Calm",1034.2,10,93,8,"ESE","20",1033.4
"JUL","2022-07-22",2.4,14,1,NA,NA,"ESE",35,"13:04",7.7,90,1,"SSE","13",1033.5,12.3,69,5,"E","20",1029.2
"JUL","2022-07-23",1.8,15.6,0,NA,NA,"NNE",26,"14:10",6.5,99,8,"E","4",1029.2,13.5,59,8,"NE","13",1024.5
"JUL","2022-07-24",3,15.6,0,NA,NA,"WSW",17,"14:56",7.6,96,8,"E","11",1025.3,15.3,60,NA,"WSW","9",1021.6
"JUL","2022-07-25",-0.1,14.5,0,NA,NA,"W",20,"14:53",6.2,99,8,"SE","11",1022.4,13.5,67,7,"W","15",1017
"JUL","2022-07-26",1.7,12.6,2.6,NA,NA,"W",46,"13:46",9.8,91,8,"NW","24",1012.2,9.5,55,7,"WNW","28",1011.5
"JUL","2022-07-27",-2,15.5,0,NA,NA,"NNW",35,"14:55",4.7,79,NA,NA,"Calm",1019.6,13.9,50,NA,"NW","31",1018.2
"JUL","2022-07-28",-1.1,15.8,0,NA,NA,"WNW",52,"14:33",8.6,89,NA,"WNW","19",1024.7,12.9,49,4,"WNW","24",1022.1
"JUL","2022-07-29",-3.6,12.5,0,NA,NA,"S",33,"14:19",2.7,96,NA,NA,"Calm",1026.4,11.4,34,NA,"S","19",1024.5
"JUL","2022-07-30",-6.5,12.2,0,NA,NA,"NNW",22,"14:31",0.1,84,NA,"S","6",1030.3,11.5,32,NA,"NW","13",1026
"JUL","2022-07-31",-5.2,9.7,0,NA,NA,"NNW",31,"14:39",-0.5,92,7,NA,"Calm",1024.6,8.1,89,8,"NNW","19",1019.8
"AUG","2022-08-1",-0.5,12.8,10.8,NA,NA,"NNW",59,"03:16",8.1,84,8,"NNW","26",1015.9,11.8,46,NA,"NW","28",1016
"AUG","2022-08-2",-0.6,14.1,0,NA,NA,"NNW",33,"15:59",5.5,85,NA,"SE","2",1021.6,13.7,40,NA,"NW","22",1017.4
"AUG","2022-08-3",2.4,17.5,0.4,NA,NA,"NW",57,"11:16",9.7,93,8,"NW","28",1014.4,16.6,66,3,"NW","30",1010.9
"AUG","2022-08-4",9.1,14.1,23.4,NA,NA,"NNW",59,"12:24",12.4,99,8,"NNW","28",1008.2,12.9,99,8,"N","26",1002.2
"AUG","2022-08-5",6.6,15.9,43.8,NA,NA,"NW",63,"15:01",10.9,86,8,"NW","15",1006.7,14.5,40,NA,"NW","41",1003.7
"AUG","2022-08-6",6.9,11.7,0.2,NA,NA,"NNW",41,"00:10",7.9,77,8,"NNW","20",1009.1,9.6,78,8,"NNW","20",1009.5
"AUG","2022-08-7",3.8,13.3,0.8,NA,NA,"S",30,"12:55",6.4,88,8,"SSW","9",1017.4,10.7,52,6,"S","15",1017.3
"AUG","2022-08-8",-2.4,13.5,0,NA,NA,"W",31,"14:01",3.3,99,8,"NNE","7",1025,9,67,2,"WNW","20",1022.5
"AUG","2022-08-9",-2.5,13.4,0.2,NA,NA,"SSW",30,"10:51",5.5,83,NA,"SSE","9",1027.4,11.5,53,8,"SSE","7",1025.1
"AUG","2022-08-10",-2.2,14.1,0,NA,NA,"N",22,"15:31",3.9,81,NA,"SSE","6",1030.8,13.2,42,NA,"NNE","13",1026.7
"AUG","2022-08-11",0.5,10.6,0,NA,NA,"NNW",43,"17:42",4.3,100,8,NA,"Calm",1024.8,8.8,86,8,"N","9",1020.2
"AUG","2022-08-12",4.3,15.2,5.4,NA,NA,"NNW",41,"01:26",10.4,91,6,"NNW","24",1018.1,12,72,8,"N","28",1015.6
"AUG","2022-08-13",4.5,14.2,10.8,NA,NA,"NNW",43,"15:54",7.3,99,8,"WNW","13",1014.3,13.5,53,2,"NW","30",1009.7
"AUG","2022-08-14",5.1,10.5,1.2,NA,NA,"NW",50,"10:37",8.1,73,1,"NW","28",1008.7,8,82,8,"NW","28",1006.9
"AUG","2022-08-15",6.6,12.7,0,NA,NA,"NW",54,"10:55",8.7,64,2,"NW","31",1008.7,11.2,46,8,"WNW","31",1006.8
"AUG","2022-08-16",2.9,14.8,0,NA,NA,"S",37,"16:11",8.9,75,5,"NNW","20",1011.2,12.9,56,1,"NNW","26",1011.1
"AUG","2022-08-17",1,13.7,2.8,NA,NA,"NW",31,"14:55",2.1,100,8,"SW","2",1022.8,12.4,63,2,"NNW","20",1019.6
"AUG","2022-08-18",2.1,15.9,0.2,NA,NA,"NNW",59,"14:22",9.7,88,8,"NNW","20",1017.3,13.8,57,NA,"NNW","44",1012.5
"AUG","2022-08-19",8.5,14.1,0.2,NA,NA,"S",50,"12:05",9.9,85,8,"NW","26",1012.5,11.6,69,8,"NNW","17",1014.3
"AUG","2022-08-20",4.4,13,1,NA,NA,"NW",52,"10:07",7.9,75,7,"NNW","20",1020.5,12,67,4,"NNW","28",1020
"AUG","2022-08-21",0.4,14.2,0,NA,NA,"NNW",39,"14:43",6.5,72,4,"WNW","6",1027.7,13.5,47,NA,"NW","31",1024.6
"AUG","2022-08-22",4.3,15.4,0,NA,NA,"NW",54,"10:58",9.3,67,7,"NNW","26",1020.2,13.5,56,6,"NW","31",1014.9
"AUG","2022-08-23",4.4,6.8,3.4,NA,NA,"NNW",57,"01:35",4.4,91,8,"SSW","30",1011.5,6.1,70,8,"SSE","24",1013.5
"AUG","2022-08-24",-6.3,13.4,2.2,NA,NA,"WNW",43,"16:05",2.4,86,NA,"NNW","4",1023.6,12.5,50,NA,"WNW","26",1019.6
"AUG","2022-08-25",2.3,15.4,0,NA,NA,"SSE",33,"17:46",9,76,NA,"N","17",1023.6,13.7,54,8,"N","15",1023.1
"AUG","2022-08-26",-1.3,16.9,0,NA,NA,"WNW",28,"11:34",8.4,74,NA,"SE","9",1029.8,15.3,46,8,"N","11",1027.5
"AUG","2022-08-27",-2.4,16.2,0.2,NA,NA,"ENE",31,"16:32",7,86,NA,"SE","4",1032.1,14.4,55,8,"NE","20",1027.9
"AUG","2022-08-28",6.6,18.7,0,NA,NA,"NNW",30,"14:39",11.5,74,3,"E","2",1030.5,17,47,7,"N","19",1026.8
"AUG","2022-08-29",1.6,NA,0,NA,NA,NA,NA,NA,7.7,100,8,"ESE","2",1026.4,11.9,92,8,"NNE","13",1022
